Tenant,Alias,AppID,Supernet,Tier,Vlan,LeafNode,Interface
Development,DEV,2600,10.100.100.0,PRES,2601,101,eth1/1
Development,DEV,2600,10.100.100.0,PRES,2601,101,eth1/2
Development,DEV,2600,10.100.100.0,PRES,2601,101,eth1/3
Development,DEV,2600,10.100.100.0,PRES,2601,101,eth1/4
Development,DEV,2600,10.100.100.0,PRES,2601,102,eth1/1
Development,DEV,2600,10.100.100.0,PRES,2601,102,eth1/2
Development,DEV,2600,10.100.100.0,PRES,2601,102,eth1/3
Development,DEV,2600,10.100.100.0,PRES,2601,102,eth1/4
Development,DEV,2600,10.100.100.0,DB,2602,101,eth1/1
Development,DEV,2600,10.100.100.0,DB,2602,101,eth1/2
Development,DEV,2600,10.100.100.0,DB,2602,101,eth1/3
Development,DEV,2600,10.100.100.0,DB,2602,101,eth1/4
Development,DEV,2600,10.100.100.0,DB,2602,102,eth1/1
Development,DEV,2600,10.100.100.0,DB,2602,102,eth1/2
Development,DEV,2600,10.100.100.0,DB,2602,102,eth1/3
Development,DEV,2600,10.100.100.0,DB,2602,102,eth1/4
Development,DEV,2600,10.100.100.0,APP,2603,101,eth1/1
Development,DEV,2600,10.100.100.0,APP,2603,101,eth1/2
Development,DEV,2600,10.100.100.0,APP,2603,101,eth1/3
Development,DEV,2600,10.100.100.0,APP,2603,101,eth1/4
Development,DEV,2600,10.100.100.0,APP,2603,102,eth1/1
Development,DEV,2600,10.100.100.0,APP,2603,102,eth1/2
Development,DEV,2600,10.100.100.0,APP,2603,102,eth1/3
Development,DEV,2600,10.100.100.0,APP,2603,102,eth1/4
Development,DEV,2601,10.100.101.0,PRES,2611,101,eth1/1
Development,DEV,2601,10.100.101.0,PRES,2611,101,eth1/2
Development,DEV,2601,10.100.101.0,PRES,2611,101,eth1/3
Development,DEV,2601,10.100.101.0,PRES,2611,101,eth1/4
Development,DEV,2601,10.100.101.0,PRES,2611,102,eth1/1
Development,DEV,2601,10.100.101.0,PRES,2611,102,eth1/2
Development,DEV,2601,10.100.101.0,PRES,2611,102,eth1/3
Development,DEV,2601,10.100.101.0,PRES,2611,102,eth1/4
Development,DEV,2601,10.100.101.0,DB,2612,101,eth1/1
Development,DEV,2601,10.100.101.0,DB,2612,101,eth1/2
Development,DEV,2601,10.100.101.0,DB,2612,101,eth1/3
Development,DEV,2601,10.100.101.0,DB,2612,101,eth1/4
Development,DEV,2601,10.100.101.0,DB,2612,102,eth1/1
Development,DEV,2601,10.100.101.0,DB,2612,102,eth1/2
Development,DEV,2601,10.100.101.0,DB,2612,102,eth1/3
Development,DEV,2601,10.100.101.0,DB,2612,102,eth1/4
Development,DEV,2601,10.100.101.0,APP,2613,101,eth1/1
Development,DEV,2601,10.100.101.0,APP,2613,101,eth1/2
Development,DEV,2601,10.100.101.0,APP,2613,101,eth1/3
Development,DEV,2601,10.100.101.0,APP,2613,101,eth1/4
Development,DEV,2601,10.100.101.0,APP,2613,102,eth1/1
Development,DEV,2601,10.100.101.0,APP,2613,102,eth1/2
Development,DEV,2601,10.100.101.0,APP,2613,102,eth1/3
Development,DEV,2601,10.100.101.0,APP,2613,102,eth1/4
Development,DEV,2602,10.100.102.0,PRES,2621,101,eth1/1
Development,DEV,2602,10.100.102.0,PRES,2621,101,eth1/2
Development,DEV,2602,10.100.102.0,PRES,2621,101,eth1/3
Development,DEV,2602,10.100.102.0,PRES,2621,101,eth1/4
Development,DEV,2602,10.100.102.0,PRES,2621,102,eth1/1
Development,DEV,2602,10.100.102.0,PRES,2621,102,eth1/2
Development,DEV,2602,10.100.102.0,PRES,2621,102,eth1/3
Development,DEV,2602,10.100.102.0,PRES,2621,102,eth1/4
Development,DEV,2602,10.100.102.0,DB,2622,101,eth1/1
Development,DEV,2602,10.100.102.0,DB,2622,101,eth1/2
Development,DEV,2602,10.100.102.0,DB,2622,101,eth1/3
Development,DEV,2602,10.100.102.0,DB,2622,101,eth1/4
Development,DEV,2602,10.100.102.0,DB,2622,102,eth1/1
Development,DEV,2602,10.100.102.0,DB,2622,102,eth1/2
Development,DEV,2602,10.100.102.0,DB,2622,102,eth1/3
Development,DEV,2602,10.100.102.0,DB,2622,102,eth1/4
Development,DEV,2602,10.100.102.0,APP,2623,101,eth1/1
Development,DEV,2602,10.100.102.0,APP,2623,101,eth1/2
Development,DEV,2602,10.100.102.0,APP,2623,101,eth1/3
Development,DEV,2602,10.100.102.0,APP,2623,101,eth1/4
Development,DEV,2602,10.100.102.0,APP,2623,102,eth1/1
Development,DEV,2602,10.100.102.0,APP,2623,102,eth1/2
Development,DEV,2602,10.100.102.0,APP,2623,102,eth1/3
Development,DEV,2602,10.100.102.0,APP,2623,102,eth1/4
Development,DEV,2603,10.100.103.0,PRES,2631,101,eth1/1
Development,DEV,2603,10.100.103.0,PRES,2631,101,eth1/2
Development,DEV,2603,10.100.103.0,PRES,2631,101,eth1/3
Development,DEV,2603,10.100.103.0,PRES,2631,101,eth1/4
Development,DEV,2603,10.100.103.0,PRES,2631,102,eth1/1
Development,DEV,2603,10.100.103.0,PRES,2631,102,eth1/2
Development,DEV,2603,10.100.103.0,PRES,2631,102,eth1/3
Development,DEV,2603,10.100.103.0,PRES,2631,102,eth1/4
Development,DEV,2603,10.100.103.0,DB,2632,101,eth1/1
Development,DEV,2603,10.100.103.0,DB,2632,101,eth1/2
Development,DEV,2603,10.100.103.0,DB,2632,101,eth1/3
Development,DEV,2603,10.100.103.0,DB,2632,101,eth1/4
Development,DEV,2603,10.100.103.0,DB,2632,102,eth1/1
Development,DEV,2603,10.100.103.0,DB,2632,102,eth1/2
Development,DEV,2603,10.100.103.0,DB,2632,102,eth1/3
Development,DEV,2603,10.100.103.0,DB,2632,102,eth1/4
Development,DEV,2603,10.100.103.0,APP,2633,101,eth1/1
Development,DEV,2603,10.100.103.0,APP,2633,101,eth1/2
Development,DEV,2603,10.100.103.0,APP,2633,101,eth1/3
Development,DEV,2603,10.100.103.0,APP,2633,101,eth1/4
Development,DEV,2603,10.100.103.0,APP,2633,102,eth1/1
Development,DEV,2603,10.100.103.0,APP,2633,102,eth1/2
Development,DEV,2603,10.100.103.0,APP,2633,102,eth1/3
Development,DEV,2603,10.100.103.0,APP,2633,102,eth1/4
Development,DEV,2604,10.100.104.0,PRES,2641,101,eth1/1
Development,DEV,2604,10.100.104.0,PRES,2641,101,eth1/2
Development,DEV,2604,10.100.104.0,PRES,2641,101,eth1/3
Development,DEV,2604,10.100.104.0,PRES,2641,101,eth1/4
Development,DEV,2604,10.100.104.0,PRES,2641,102,eth1/1
Development,DEV,2604,10.100.104.0,PRES,2641,102,eth1/2
Development,DEV,2604,10.100.104.0,PRES,2641,102,eth1/3
Development,DEV,2604,10.100.104.0,PRES,2641,102,eth1/4
Development,DEV,2604,10.100.104.0,DB,2642,101,eth1/1
Development,DEV,2604,10.100.104.0,DB,2642,101,eth1/2
Development,DEV,2604,10.100.104.0,DB,2642,101,eth1/3
Development,DEV,2604,10.100.104.0,DB,2642,101,eth1/4
Development,DEV,2604,10.100.104.0,DB,2642,102,eth1/1
Development,DEV,2604,10.100.104.0,DB,2642,102,eth1/2
Development,DEV,2604,10.100.104.0,DB,2642,102,eth1/3
Development,DEV,2604,10.100.104.0,DB,2642,102,eth1/4
Development,DEV,2604,10.100.104.0,APP,2643,101,eth1/1
Development,DEV,2604,10.100.104.0,APP,2643,101,eth1/2
Development,DEV,2604,10.100.104.0,APP,2643,101,eth1/3
Development,DEV,2604,10.100.104.0,APP,2643,101,eth1/4
Development,DEV,2604,10.100.104.0,APP,2643,102,eth1/1
Development,DEV,2604,10.100.104.0,APP,2643,102,eth1/2
Development,DEV,2604,10.100.104.0,APP,2643,102,eth1/3
Development,DEV,2604,10.100.104.0,APP,2643,102,eth1/4
Development,DEV,2605,10.100.105.0,PRES,2651,101,eth1/1
Development,DEV,2605,10.100.105.0,PRES,2651,101,eth1/2
Development,DEV,2605,10.100.105.0,PRES,2651,101,eth1/3
Development,DEV,2605,10.100.105.0,PRES,2651,101,eth1/4
Development,DEV,2605,10.100.105.0,PRES,2651,102,eth1/1
Development,DEV,2605,10.100.105.0,PRES,2651,102,eth1/2
Development,DEV,2605,10.100.105.0,PRES,2651,102,eth1/3
Development,DEV,2605,10.100.105.0,PRES,2651,102,eth1/4
Development,DEV,2605,10.100.105.0,DB,2652,101,eth1/1
Development,DEV,2605,10.100.105.0,DB,2652,101,eth1/2
Development,DEV,2605,10.100.105.0,DB,2652,101,eth1/3
Development,DEV,2605,10.100.105.0,DB,2652,101,eth1/4
Development,DEV,2605,10.100.105.0,DB,2652,102,eth1/1
Development,DEV,2605,10.100.105.0,DB,2652,102,eth1/2
Development,DEV,2605,10.100.105.0,DB,2652,102,eth1/3
Development,DEV,2605,10.100.105.0,DB,2652,102,eth1/4
Development,DEV,2605,10.100.105.0,APP,2653,101,eth1/1
Development,DEV,2605,10.100.105.0,APP,2653,101,eth1/2
Development,DEV,2605,10.100.105.0,APP,2653,101,eth1/3
Development,DEV,2605,10.100.105.0,APP,2653,101,eth1/4
Development,DEV,2605,10.100.105.0,APP,2653,102,eth1/1
Development,DEV,2605,10.100.105.0,APP,2653,102,eth1/2
Development,DEV,2605,10.100.105.0,APP,2653,102,eth1/3
Development,DEV,2605,10.100.105.0,APP,2653,102,eth1/4
Development,DEV,2606,10.100.106.0,PRES,2661,101,eth1/1
Development,DEV,2606,10.100.106.0,PRES,2661,101,eth1/2
Development,DEV,2606,10.100.106.0,PRES,2661,101,eth1/3
Development,DEV,2606,10.100.106.0,PRES,2661,101,eth1/4
Development,DEV,2606,10.100.106.0,PRES,2661,102,eth1/1
Development,DEV,2606,10.100.106.0,PRES,2661,102,eth1/2
Development,DEV,2606,10.100.106.0,PRES,2661,102,eth1/3
Development,DEV,2606,10.100.106.0,PRES,2661,102,eth1/4
Development,DEV,2606,10.100.106.0,DB,2662,101,eth1/1
Development,DEV,2606,10.100.106.0,DB,2662,101,eth1/2
Development,DEV,2606,10.100.106.0,DB,2662,101,eth1/3
Development,DEV,2606,10.100.106.0,DB,2662,101,eth1/4
Development,DEV,2606,10.100.106.0,DB,2662,102,eth1/1
Development,DEV,2606,10.100.106.0,DB,2662,102,eth1/2
Development,DEV,2606,10.100.106.0,DB,2662,102,eth1/3
Development,DEV,2606,10.100.106.0,DB,2662,102,eth1/4
Development,DEV,2606,10.100.106.0,APP,2663,101,eth1/1
Development,DEV,2606,10.100.106.0,APP,2663,101,eth1/2
Development,DEV,2606,10.100.106.0,APP,2663,101,eth1/3
Development,DEV,2606,10.100.106.0,APP,2663,101,eth1/4
Development,DEV,2606,10.100.106.0,APP,2663,102,eth1/1
Development,DEV,2606,10.100.106.0,APP,2663,102,eth1/2
Development,DEV,2606,10.100.106.0,APP,2663,102,eth1/3
Development,DEV,2606,10.100.106.0,APP,2663,102,eth1/4
Development,DEV,2607,10.100.107.0,PRES,2671,101,eth1/1
Development,DEV,2607,10.100.107.0,PRES,2671,101,eth1/2
Development,DEV,2607,10.100.107.0,PRES,2671,101,eth1/3
Development,DEV,2607,10.100.107.0,PRES,2671,101,eth1/4
Development,DEV,2607,10.100.107.0,PRES,2671,102,eth1/1
Development,DEV,2607,10.100.107.0,PRES,2671,102,eth1/2
Development,DEV,2607,10.100.107.0,PRES,2671,102,eth1/3
Development,DEV,2607,10.100.107.0,PRES,2671,102,eth1/4
Development,DEV,2607,10.100.107.0,DB,2672,101,eth1/1
Development,DEV,2607,10.100.107.0,DB,2672,101,eth1/2
Development,DEV,2607,10.100.107.0,DB,2672,101,eth1/3
Development,DEV,2607,10.100.107.0,DB,2672,101,eth1/4
Development,DEV,2607,10.100.107.0,DB,2672,102,eth1/1
Development,DEV,2607,10.100.107.0,DB,2672,102,eth1/2
Development,DEV,2607,10.100.107.0,DB,2672,102,eth1/3
Development,DEV,2607,10.100.107.0,DB,2672,102,eth1/4
Development,DEV,2607,10.100.107.0,APP,2673,101,eth1/1
Development,DEV,2607,10.100.107.0,APP,2673,101,eth1/2
Development,DEV,2607,10.100.107.0,APP,2673,101,eth1/3
Development,DEV,2607,10.100.107.0,APP,2673,101,eth1/4
Development,DEV,2607,10.100.107.0,APP,2673,102,eth1/1
Development,DEV,2607,10.100.107.0,APP,2673,102,eth1/2
Development,DEV,2607,10.100.107.0,APP,2673,102,eth1/3
Development,DEV,2607,10.100.107.0,APP,2673,102,eth1/4
Development,DEV,2608,10.100.108.0,PRES,2681,101,eth1/1
Development,DEV,2608,10.100.108.0,PRES,2681,101,eth1/2
Development,DEV,2608,10.100.108.0,PRES,2681,101,eth1/3
Development,DEV,2608,10.100.108.0,PRES,2681,101,eth1/4
Development,DEV,2608,10.100.108.0,PRES,2681,102,eth1/1
Development,DEV,2608,10.100.108.0,PRES,2681,102,eth1/2
Development,DEV,2608,10.100.108.0,PRES,2681,102,eth1/3
Development,DEV,2608,10.100.108.0,PRES,2681,102,eth1/4
Development,DEV,2608,10.100.108.0,DB,2682,101,eth1/1
Development,DEV,2608,10.100.108.0,DB,2682,101,eth1/2
Development,DEV,2608,10.100.108.0,DB,2682,101,eth1/3
Development,DEV,2608,10.100.108.0,DB,2682,101,eth1/4
Development,DEV,2608,10.100.108.0,DB,2682,102,eth1/1
Development,DEV,2608,10.100.108.0,DB,2682,102,eth1/2
Development,DEV,2608,10.100.108.0,DB,2682,102,eth1/3
Development,DEV,2608,10.100.108.0,DB,2682,102,eth1/4
Development,DEV,2608,10.100.108.0,APP,2683,101,eth1/1
Development,DEV,2608,10.100.108.0,APP,2683,101,eth1/2
Development,DEV,2608,10.100.108.0,APP,2683,101,eth1/3
Development,DEV,2608,10.100.108.0,APP,2683,101,eth1/4
Development,DEV,2608,10.100.108.0,APP,2683,102,eth1/1
Development,DEV,2608,10.100.108.0,APP,2683,102,eth1/2
Development,DEV,2608,10.100.108.0,APP,2683,102,eth1/3
Development,DEV,2608,10.100.108.0,APP,2683,102,eth1/4
Development,DEV,2609,10.100.109.0,PRES,2691,101,eth1/1
Development,DEV,2609,10.100.109.0,PRES,2691,101,eth1/2
Development,DEV,2609,10.100.109.0,PRES,2691,101,eth1/3
Development,DEV,2609,10.100.109.0,PRES,2691,101,eth1/4
Development,DEV,2609,10.100.109.0,PRES,2691,102,eth1/1
Development,DEV,2609,10.100.109.0,PRES,2691,102,eth1/2
Development,DEV,2609,10.100.109.0,PRES,2691,102,eth1/3
Development,DEV,2609,10.100.109.0,PRES,2691,102,eth1/4
Development,DEV,2609,10.100.109.0,DB,2692,101,eth1/1
Development,DEV,2609,10.100.109.0,DB,2692,101,eth1/2
Development,DEV,2609,10.100.109.0,DB,2692,101,eth1/3
Development,DEV,2609,10.100.109.0,DB,2692,101,eth1/4
Development,DEV,2609,10.100.109.0,DB,2692,102,eth1/1
Development,DEV,2609,10.100.109.0,DB,2692,102,eth1/2
Development,DEV,2609,10.100.109.0,DB,2692,102,eth1/3
Development,DEV,2609,10.100.109.0,DB,2692,102,eth1/4
Development,DEV,2609,10.100.109.0,APP,2693,101,eth1/1
Development,DEV,2609,10.100.109.0,APP,2693,101,eth1/2
Development,DEV,2609,10.100.109.0,APP,2693,101,eth1/3
Development,DEV,2609,10.100.109.0,APP,2693,101,eth1/4
Development,DEV,2609,10.100.109.0,APP,2693,102,eth1/1
Development,DEV,2609,10.100.109.0,APP,2693,102,eth1/2
Development,DEV,2609,10.100.109.0,APP,2693,102,eth1/3
Development,DEV,2609,10.100.109.0,APP,2693,102,eth1/4